Id,Total Points
1216492_AS Yadav,35.0
1216492_AT Rayudu,25.0
1216492_DL Chahar,43.0
1216492_F du Plessis,28.0
1216492_HH Pandya,49.0
1216492_JJ Bumrah,20.0
1216492_JL Pattinson,0.0
1216492_KA Pollard,49.0
1216492_KH Pandya,47.0
1216492_L Ngidi,57.0
1216492_M Vijay,18.0
1216492_MK Pandey,20.0
1216492_MS Dhoni,23.0
1216492_PP Chawla,22.0
1216492_Q de Kock,24.0
1216492_RA Jadeja,30.0
1216492_RD Chahar,14.0
1216492_RG Sharma,36.0
1216492_S Curran,50.0
1216492_SR Watson,48.0
1216492_SS Tiwary,24.0
1216492_TA Boult,37.0
1216493_AR Patel,47.0
1216493_Ankit Sharma,24.0
1216493_Anrich Nortje,0.0
1216493_CJ Jordan,16.0
1216493_Cottrell,0.0
1216493_GJ Maxwell,52.0
1216493_K Gowtham,22.0
1216493_K Rabada,30.0
1216493_KK Nair,36.0
1216493_KL Rahul,87.0
1216493_MA Agarwal,8.0
1216493_MP Stoinis,25.0
1216493_Mohammed Shami,13.0
1216493_N Pooran,35.0
1216493_P Shaw,27.0
1216493_R Ashwin,25.0
1216493_RR Pant,47.0
1216493_Ravi Bishnoi,0.0
1216493_S Dhawan,83.0
1216493_S Hetmyer,7.0
1216493_SN Khan,47.0
1216493_SS Iyer,22.0
1216493_nan,0.0
1216494_AJ Finch,13.0
1216494_CH Morris,40.0
1216494_CV Varun,0.0
1216494_D Padikkal,0.0
1216494_EJG Morgan,6.0
1216494_Gurkeerat Singh,23.0
1216494_I Udana,0.0
1216494_KD Karthik,20.0
1216494_Kuldeep Yadav,19.0
1216494_L Ferguson,14.0
1216494_Mohammed Siraj,36.0
1216494_N Rana,41.0
1216494_N Saini,11.0
1216494_PJ Cummins,15.0
1216494_Prasidh Krishna,0.0
1216494_RA Tripathi,60.0
1216494_Shubman Gill,0.0
1216494_T Banton,0.0
1216494_V Kohli,33.0
1216494_Washington Sundar,29.0
1216494_YS Chahal,25.0
1216495_DA Warner,52.0
1216495_DS Kulkarni,16.0
1216495_HH Pandya,20.0
1216495_Ishan Kishan,6.0
1216495_JL Pattinson,5.0
1216495_JO Holder,42.0
1216495_KA Pollard,41.0
1216495_NM Coulter-Nile,37.0
1216495_Q de Kock,12.0
1216495_RD Chahar,18.0
1216495_RG Sharma,10.0
1216495_Rashid Khan,47.0
1216495_S Nadeem,30.0
1216495_SA Yadav,20.0
1216495_SS Tiwary,31.0
1216495_Sandeep Sharma,29.0
1216495_T Natarajan,19.0
1216495_WP Saha,26.0
1216496_DL Chahar,42.0
1216496_F du Plessis,50.0
1216496_J Archer,32.0
1216496_JD Unadkat,23.0
1216496_KM Jadhav,7.0
1216496_L Ngidi,27.0
1216496_M Vijay,13.0
1216496_MS Dhoni,30.0
1216496_PP Chawla,26.0
1216496_R Parag,27.0
1216496_R Tewatia,5.0
1216496_RA Jadeja,41.0
1216496_RV Uthappa,43.0
1216496_S Curran,50.0
1216496_S Gopal,28.0
1216496_SPD Smith,49.0
1216496_SR Watson,50.0
1216496_SV Samson,19.0
1216496_T Curran,34.0
1216496_YBK Jaiswal,2.0
1216497_AM Rahane,39.0
1216497_Anrich Nortje,-0.0
1216497_CV Varun,0.0
1216497_Carey,0.0
1216497_Deshpande,0.0
1216497_EJG Morgan,13.0
1216497_HV Patel,21.0
1216497_K Rabada,38.0
1216497_KD Karthik,33.0
1216497_KL Nagarkoti,0.0
1216497_L Ferguson,12.0
1216497_MP Stoinis,27.0
1216497_N Rana,22.0
1216497_PJ Cummins,30.0
1216497_Prasidh Krishna,0.0
1216497_R Ashwin,48.0
1216497_RA Tripathi,45.0
1216497_RR Pant,51.0
1216497_S Dhawan,49.0
1216497_S Hetmyer,9.0
1216497_SP Narine,43.0
1216497_SS Iyer,32.0
1216497_Shubman Gill,0.0
1216498_Abdul Samad,1.0
1216498_Arshdeep Singh,1.0
1216498_CH Gayle,125.0
1216498_CJ Jordan,12.0
1216498_DA Warner,32.0
1216498_DJ Hooda,32.0
1216498_GJ Maxwell,41.0
1216498_J Bairstow,32.0
1216498_JO Holder,9.0
1216498_K Ahmed,63.0
1216498_KL Rahul,26.0
1216498_M Ashwin,20.0
1216498_MK Pandey,46.0
1216498_Mandeep Singh,10.0
1216498_Mohammed Shami,30.0
1216498_N Pooran,19.0
1216498_Priyam Garg,1.0
1216498_Rashid Khan,25.0
1216498_Ravi Bishnoi,1.0
1216498_Sandeep Sharma,24.0
1216498_T Natarajan,3.0
1216498_V Shankar,13.0
1216499_AB de Villiers,45.0
1216499_AS Yadav,47.0
1216499_CH Morris,41.0
1216499_D Padikkal,-0.0
1216499_DW Steyn,33.0
1216499_Gurkeerat Singh,14.0
1216499_HH Pandya,29.0
1216499_Ishan Kishan,8.0
1216499_JJ Bumrah,39.0
1216499_JL Pattinson,0.0
1216499_KA Pollard,34.0
1216499_KH Pandya,10.0
1216499_Mohammed Siraj,38.0
1216499_Philippe,0.0
1216499_Q de Kock,49.0
1216499_RD Chahar,19.0
1216499_S Dube,12.0
1216499_SS Tiwary,50.0
1216499_TA Boult,22.0
1216499_V Kohli,33.0
1216499_Washington Sundar,11.0
1216499_YS Chahal,52.0
1216500_AJ Tye,56.0
1216500_AR Patel,15.0
1216500_Anrich Nortje,-0.0
1216500_HV Patel,24.0
1216500_J Archer,12.0
1216500_JC Buttler,31.0
1216500_K Rabada,46.0
1216500_Kartik Tyagi,0.0
1216500_M Lomror,8.0
1216500_MP Stoinis,21.0
1216500_P Shaw,32.0
1216500_R Ashwin,36.0
1216500_R Tewatia,3.0
1216500_RR Pant,83.0
1216500_S Dhawan,31.0
1216500_S Gopal,41.0
1216500_S Hetmyer,18.0
1216500_SPD Smith,61.0
1216500_SS Iyer,18.0
1216500_SV Samson,5.0
1216500_VR Aaron,14.0
1216500_YBK Jaiswal,2.0
1216501_AD Russell,47.0
1216501_AT Rayudu,31.0
1216501_CV Varun,0.0
1216501_DJ Bravo,26.0
1216501_DL Chahar,26.0
1216501_EJG Morgan,7.0
1216501_F du Plessis,32.0
1216501_KD Karthik,28.0
1216501_KL Nagarkoti,0.0
1216501_KM Jadhav,15.0
1216501_KV Sharma,45.0
1216501_MS Dhoni,29.0
1216501_N Rana,12.0
1216501_PJ Cummins,27.0
1216501_RA Jadeja,81.0
1216501_RA Tripathi,36.0
1216501_S Curran,54.0
1216501_SN Thakur,37.0
1216501_SP Narine,48.0
1216501_SR Watson,84.0
1216501_Shivam Mavi,0.0
1216501_Shubman Gill,0.0
1216502_AB de Villiers,46.0
1216502_Abhishek Sharma,0.0
1216502_CH Morris,48.0
1216502_D Padikkal,0.0
1216502_DA Warner,82.0
1216502_Gurkeerat Singh,29.0
1216502_I Udana,1.0
1216502_JO Holder,10.0
1216502_KS Williamson,55.0
1216502_MK Pandey,67.0
1216502_Mohammed Siraj,23.0
1216502_N Saini,21.0
1216502_Philippe,0.0
1216502_Priyam Garg,0.0
1216502_Rashid Khan,63.0
1216502_S Nadeem,17.0
1216502_Sandeep Sharma,33.0
1216502_T Natarajan,4.0
1216502_V Kohli,55.0
1216502_WP Saha,18.0
1216502_Washington Sundar,5.0
1216502_YS Chahal,43.0
1216503_AS Yadav,49.0
1216503_Cottrell,0.0
1216503_GJ Maxwell,28.0
1216503_HH Pandya,56.0
1216503_Ishan Kishan,14.0
1216503_JDS Neesham,13.0
1216503_JJ Bumrah,24.0
1216503_JL Pattinson,0.0
1216503_K Gowtham,26.0
1216503_KA Pollard,41.0
1216503_KK Nair,28.0
1216503_KL Rahul,85.0
1216503_MA Agarwal,34.0
1216503_MK Pandey,71.0
1216503_Mohammed Shami,60.0
1216503_N Pooran,32.0
1216503_Q de Kock,39.0
1216503_RD Chahar,8.0
1216503_RG Sharma,31.0
1216503_Ravi Bishnoi,0.0
1216503_SN Khan,29.0
1216503_TA Boult,12.0
1216504_AD Russell,59.0
1216504_AS Rajpoot,35.0
1216504_CV Varun,0.0
1216504_EJG Morgan,58.0
1216504_J Archer,5.0
1216504_JC Buttler,42.0
1216504_JD Unadkat,52.0
1216504_KD Karthik,48.0
1216504_KL Nagarkoti,0.0
1216504_Kuldeep Yadav,29.0
1216504_N Rana,56.0
1216504_PJ Cummins,28.0
1216504_R Parag,41.0
1216504_R Tewatia,5.0
1216504_RV Uthappa,33.0
1216504_S Gopal,26.0
1216504_SP Narine,36.0
1216504_SPD Smith,39.0
1216504_SV Samson,23.0
1216504_Shivam Mavi,1.0
1216504_Shubman Gill,1.0
1216504_T Curran,42.0
1216505_AB de Villiers,24.0
1216505_AM Rahane,29.0
1216505_AR Patel,37.0
1216505_Anrich Nortje,0.0
1216505_CH Morris,26.0
1216505_D Padikkal,0.0
1216505_I Udana,0.0
1216505_K Rabada,45.0
1216505_MP Stoinis,32.0
1216505_Mohammed Siraj,18.0
1216505_P Shaw,18.0
1216505_Philippe,1.0
1216505_R Ashwin,34.0
1216505_RR Pant,34.0
1216505_S Dhawan,15.0
1216505_S Dube,22.0
1216505_SS Iyer,59.0
1216505_SV Samson,56.0
1216505_Shahbaz Ahmed,0.0
1216505_Shahbaz Ahmed ,0.0
1216505_V Kohli,39.0
1216505_Washington Sundar,22.0
1216505_YS Chahal,47.0
1216506_AT Rayudu,29.0
1216506_CH Gayle,44.0
1216506_CJ Jordan,11.0
1216506_DJ Hooda,10.0
1216506_DL Chahar,25.0
1216506_F du Plessis,88.0
1216506_Imran Tahir,39.0
1216506_JDS Neesham,19.0
1216506_KL Rahul,84.0
1216506_L Ngidi,36.0
1216506_M Ashwin,1.0
1216506_MA Agarwal,4.0
1216506_Mandeep Singh,8.0
1216506_Mohammed Shami,21.0
1216506_N Pooran,38.0
1216506_RA Jadeja,22.0
1216506_RD Gaikwad,0.0
1216506_Ravi Bishnoi,0.0
1216506_S Curran,38.0
1216506_SN Thakur,9.0
1216507_Abhishek Sharma,4.0
1216507_BA Stokes,40.0
1216507_DA Warner,22.0
1216507_J Archer,51.0
1216507_J Bairstow,86.0
1216507_JC Buttler,27.0
1216507_JD Unadkat,35.0
1216507_K Ahmed,41.0
1216507_KS Williamson,32.0
1216507_Kartik Tyagi,2.0
1216507_MK Pandey,46.0
1216507_Priyam Garg,4.0
1216507_R Parag,13.0
1216507_R Tewatia,22.0
1216507_RV Uthappa,28.0
1216507_Rashid Khan,44.0
1216507_S Gopal,42.0
1216507_SPD Smith,39.0
1216507_SV Samson,26.0
1216507_Sandeep Sharma,25.0
1216507_T Natarajan,15.0
1216507_V Shankar,17.0
1216508_AD Russell,67.0
1216508_AS Yadav,46.0
1216508_EJG Morgan,30.0
1216508_HH Pandya,54.0
1216508_JJ Bumrah,26.0
1216508_JL Pattinson,0.0
1216508_KA Pollard,23.0
1216508_KD Karthik,14.0
1216508_KH Pandya,37.0
1216508_Kuldeep Yadav,24.0
1216508_MK Pandey,85.0
1216508_N Naik,7.0
1216508_N Rana,51.0
1216508_PJ Cummins,28.0
1216508_Q de Kock,22.0
1216508_RD Chahar,12.0
1216508_RG Sharma,33.0
1216508_SP Narine,64.0
1216508_SS Tiwary,30.0
1216508_Sandeep Warrier,-0.0
1216508_Shivam Mavi,-0.0
1216508_Shubman Gill,-0.0
1216508_TA Boult,11.0
1216509_AM Rahane,31.0
1216509_AT Rayudu,19.0
1216509_Anrich Nortje,1.0
1216509_Carey,1.0
1216509_DJ Bravo,62.0
1216509_DL Chahar,26.0
1216509_Deshpande,1.0
1216509_F du Plessis,31.0
1216509_HV Patel,43.0
1216509_K Rabada,27.0
1216509_KV Sharma,39.0
1216509_MP Stoinis,24.0
1216509_MS Dhoni,28.0
1216509_P Shaw,17.0
1216509_R Ashwin,23.0
1216509_RA Jadeja,35.0
1216509_S Curran,43.0
1216509_S Dhawan,48.0
1216509_SN Thakur,3.0
1216509_SR Watson,53.0
1216509_SS Iyer,19.0
1216510_AB de Villiers,53.0
1216510_AJ Finch,17.0
1216510_Cottrell,0.0
1216510_D Padikkal,0.0
1216510_DW Steyn,27.0
1216510_GJ Maxwell,31.0
1216510_JDS Neesham,12.0
1216510_KK Nair,29.0
1216510_KL Rahul,41.0
1216510_M Ashwin,6.0
1216510_MA Agarwal,10.0
1216510_Mohammed Shami,31.0
1216510_N Pooran,21.0
1216510_N Saini,7.0
1216510_Philippe,0.0
1216510_Ravi Bishnoi,0.0
1216510_S Dube,14.0
1216510_UT Yadav,47.0
1216510_V Kohli,29.0
1216510_Washington Sundar,17.0
1216510_YS Chahal,43.0
1216511_AS Rajpoot,21.0
1216511_AS Yadav,54.0
1216511_HH Pandya,54.0
1216511_J Archer,48.0
1216511_JC Buttler,85.0
1216511_JJ Bumrah,28.0
1216511_JL Pattinson,0.0
1216511_KA Pollard,53.0
1216511_KH Pandya,29.0
1216511_Kartik Tyagi,0.0
1216511_M Lomror,17.0
1216511_MK Pandey,13.0
1216511_Q de Kock,84.0
1216511_R Tewatia,29.0
1216511_RD Chahar,27.0
1216511_RG Sharma,26.0
1216511_S Gopal,26.0
1216511_SPD Smith,51.0
1216511_SV Samson,53.0
1216511_T Curran,28.0
1216511_TA Boult,20.0
1216511_YBK Jaiswal,0.0
1216512_AD Russell,29.0
1216512_Abdul Samad,3.0
1216512_Basil Thampi,27.0
1216512_CV Varun,3.0
1216512_DA Warner,68.0
1216512_EJG Morgan,57.0
1216512_J Bairstow,47.0
1216512_KD Karthik,16.0
1216512_KS Williamson,29.0
1216512_Kuldeep Yadav,47.0
1216512_L Ferguson,3.0
1216512_MK Pandey,24.0
1216512_N Rana,47.0
1216512_PJ Cummins,19.0
1216512_Priyam Garg,3.0
1216512_RA Tripathi,34.0
1216512_Rashid Khan,18.0
1216512_Sandeep Sharma,14.0
1216512_Shivam Mavi,6.0
1216512_Shubman Gill,6.0
1216512_T Natarajan,16.0
1216512_V Shankar,36.0
1216512_nan,7.0
1216513_CJ Jordan,27.0
1216513_Cottrell,0.0
1216513_DJ Bravo,52.0
1216513_DL Chahar,35.0
1216513_F du Plessis,40.0
1216513_GJ Maxwell,62.0
1216513_Harpreet Singh,8.0
1216513_KL Rahul,44.0
1216513_MA Agarwal,34.0
1216513_Mandeep Singh,56.0
1216513_Mohammed Shami,19.0
1216513_N Pooran,27.0
1216513_PP Chawla,26.0
1216513_RA Jadeja,30.0
1216513_Ravi Bishnoi,0.0
1216513_S Curran,59.0
1216513_SN Khan,37.0
1216513_SN Thakur,46.0
1216513_SR Watson,46.0
1216514_A Zampa,45.0
1216514_AB de Villiers,51.0
1216514_AJ Finch,23.0
1216514_D Padikkal,0.0
1216514_I Udana,0.0
1216514_J Archer,40.0
1216514_JC Buttler,79.0
1216514_JD Unadkat,14.0
1216514_M Lomror,6.0
1216514_N Saini,6.0
1216514_R Parag,42.0
1216514_R Tewatia,23.0
1216514_RV Uthappa,15.0
1216514_S Dube,8.0
1216514_S Gopal,74.0
1216514_SPD Smith,28.0
1216514_SV Samson,34.0
1216514_T Curran,30.0
1216514_V Kohli,17.0
1216514_Washington Sundar,3.0
1216514_YS Chahal,38.0
1216515_A Mishra,25.0
1216515_AD Russell,52.0
1216515_AR Patel,32.0
1216515_Anrich Nortje,0.0
1216515_CV Varun,0.0
1216515_EJG Morgan,21.0
1216515_HV Patel,37.0
1216515_K Rabada,40.0
1216515_KD Karthik,30.0
1216515_KL Nagarkoti,0.0
1216515_MP Stoinis,25.0
1216515_N Rana,29.0
1216515_P Shaw,40.0
1216515_PJ Cummins,21.0
1216515_R Ashwin,34.0
1216515_RA Tripathi,20.0
1216515_RR Pant,36.0
1216515_S Dhawan,52.0
1216515_S Hetmyer,8.0
1216515_SP Narine,37.0
1216515_SS Iyer,33.0
1216515_Shivam Mavi,0.0
1216515_Shubman Gill,0.0
1216516_AT Rayudu,67.0
1216516_Abdul Samad,0.0
1216516_Abhishek Sharma,0.0
1216516_DA Warner,67.0
1216516_DJ Bravo,43.0
1216516_DL Chahar,47.0
1216516_F du Plessis,28.0
1216516_J Bairstow,66.0
1216516_K Ahmed,35.0
1216516_KM Jadhav,6.0
1216516_KS Williamson,19.0
1216516_MK Pandey,37.0
1216516_MS Dhoni,37.0
1216516_P Kumar,19.0
1216516_PP Chawla,11.0
1216516_Priyam Garg,0.0
1216516_RA Jadeja,10.0
1216516_Rashid Khan,48.0
1216516_S Curran,23.0
1216516_SN Thakur,14.0
1216516_SR Watson,45.0
1216516_T Natarajan,3.0
1216517_AS Yadav,28.0
1216517_Arshdeep Singh,-0.0
1216517_CH Gayle,41.0
1216517_CJ Jordan,10.0
1216517_DJ Hooda,24.0
1216517_GJ Maxwell,26.0
1216517_HH Pandya,16.0
1216517_Ishan Kishan,25.0
1216517_JJ Bumrah,35.0
1216517_KA Pollard,33.0
1216517_KD Karthik,23.0
1216517_KH Pandya,26.0
1216517_KL Rahul,48.0
1216517_M Ashwin,40.0
1216517_MA Agarwal,45.0
1216517_Mohammed Shami,43.0
1216517_N Pooran,42.0
1216517_NM Coulter-Nile,27.0
1216517_Q de Kock,59.0
1216517_RD Chahar,26.0
1216517_RG Sharma,26.0
1216517_Ravi Bishnoi,0.0
1216517_SA Yadav,24.0
1216517_TA Boult,23.0
1216518_AS Rajpoot,23.0
1216518_BA Stokes,42.0
1216518_DA Warner,73.0
1216518_J Archer,30.0
1216518_J Bairstow,58.0
1216518_JC Buttler,28.0
1216518_JO Holder,14.0
1216518_Kartik Tyagi,1.0
1216518_MK Pandey,23.0
1216518_R Parag,34.0
1216518_R Tewatia,27.0
1216518_RV Uthappa,28.0
1216518_Rashid Khan,44.0
1216518_S Gopal,48.0
1216518_S Nadeem,25.0
1216518_SPD Smith,45.0
1216518_SV Samson,95.0
1216518_Sandeep Sharma,71.0
1216518_T Natarajan,11.0
1216518_V Shankar,31.0
1216519_AB de Villiers,23.0
1216519_AJ Finch,41.0
1216519_AR Patel,33.0
1216519_Anrich Nortje,-0.0
1216519_D Padikkal,-0.0
1216519_HV Patel,9.0
1216519_I Udana,0.0
1216519_K Rabada,83.0
1216519_M Ali,59.0
1216519_MP Stoinis,25.0
1216519_Mohammed Siraj,29.0
1216519_N Saini,40.0
1216519_P Shaw,27.0
1216519_R Ashwin,35.0
1216519_RR Pant,35.0
1216519_S Dhawan,8.0
1216519_S Dube,8.0
1216519_S Hetmyer,10.0
1216519_SS Iyer,68.0
1216519_V Kohli,33.0
1216519_Washington Sundar,15.0
1216519_YS Chahal,21.0
1216520_Arshdeep Singh,-0.0
1216520_CH Gayle,40.0
1216520_CJ Jordan,10.0
1216520_CV Varun,-0.0
1216520_EJG Morgan,31.0
1216520_GJ Maxwell,47.0
1216520_KD Karthik,26.0
1216520_KL Nagarkoti,-0.0
1216520_KL Rahul,53.0
1216520_L Ferguson,18.0
1216520_M Ashwin,20.0
1216520_Mandeep Singh,21.0
1216520_Mohammed Shami,27.0
1216520_N Pooran,37.0
1216520_PJ Cummins,30.0
1216520_Prasidh Krishna,-0.0
1216520_RA Tripathi,39.0
1216520_Ravi Bishnoi,-0.0
1216520_SP Narine,35.0
1216520_Shubman Gill,-0.0
1216521_AT Rayudu,26.0
1216521_DL Chahar,26.0
1216521_F du Plessis,17.0
1216521_Hazlewood,0.0
1216521_Imran Tahir,24.0
1216521_Ishan Kishan,32.0
1216521_JJ Bumrah,5.0
1216521_KA Pollard,40.0
1216521_MK Pandey,37.0
1216521_MS Dhoni,37.0
1216521_NM Coulter-Nile,36.0
1216521_Q de Kock,26.0
1216521_RA Jadeja,26.0
1216521_RD Chahar,31.0
1216521_RD Gaikwad,0.0
1216521_S Curran,31.0
1216521_SN Thakur,6.0
1216521_TA Boult,31.0
1216522_AB de Villiers,40.0
1216522_AJ Finch,48.0
1216522_BA Stokes,55.0
1216522_CH Morris,11.0
1216522_D Padikkal,0.0
1216522_Gurkeerat Singh,41.0
1216522_I Udana,0.0
1216522_J Archer,14.0
1216522_JC Buttler,37.0
1216522_JD Unadkat,33.0
1216522_Kartik Tyagi,0.0
1216522_N Saini,26.0
1216522_R Tewatia,18.0
1216522_RV Uthappa,30.0
1216522_S Gopal,44.0
1216522_SPD Smith,36.0
1216522_SV Samson,55.0
1216522_Shahbaz Ahmed ,1.0
1216522_V Kohli,32.0
1216522_Washington Sundar,34.0
1216522_YS Chahal,31.0
1216523_AD Russell,69.0
1216523_Arshdeep Singh,-0.0
1216523_CJ Jordan,16.0
1216523_CV Varun,0.0
1216523_EJG Morgan,52.0
1216523_GJ Maxwell,36.0
1216523_KD Karthik,43.0
1216523_KL Nagarkoti,0.0
1216523_KL Rahul,25.0
1216523_M Ur Rahman,27.0
1216523_MA Agarwal,32.0
1216523_Mohammed Shami,26.0
1216523_N Pooran,45.0
1216523_N Rana,40.0
1216523_PJ Cummins,30.0
1216523_Prabhsimran Singh,0.0
1216523_Prasidh Krishna ,0.0
1216523_RA Tripathi,35.0
1216523_Ravi Bishnoi,0.0
1216523_SP Narine,55.0
1216523_Shubman Gill,0.0
1216524_AM Rahane,41.0
1216524_Anrich Nortje,3.0
1216524_DA Warner,66.0
1216524_Deshpande,3.0
1216524_HV Patel,26.0
1216524_JO Holder,34.0
1216524_K Rabada,29.0
1216524_KS Williamson,41.0
1216524_MK Pandey,58.0
1216524_MP Stoinis,27.0
1216524_R Ashwin,24.0
1216524_RR Pant,47.0
1216524_Rashid Khan,31.0
1216524_S Hetmyer,42.0
1216524_S Nadeem,24.0
1216524_SS Iyer,32.0
1216524_Sandeep Sharma,26.0
1216524_T Natarajan,15.0
1216524_V Shankar,31.0
1216524_WP Saha,18.0
1216525_AB de Villiers,41.0
1216525_AJ Finch,21.0
1216525_AT Rayudu,21.0
1216525_CH Morris,25.0
1216525_D Padikkal,0.0
1216525_DJ Bravo,34.0
1216525_DL Chahar,20.0
1216525_F du Plessis,37.0
1216525_I Udana,0.0
1216525_Jagadeesan,0.0
1216525_KV Sharma,34.0
1216525_MS Dhoni,36.0
1216525_N Saini,16.0
1216525_RA Jadeja,24.0
1216525_S Curran,29.0
1216525_S Dube,20.0
1216525_SN Thakur,28.0
1216525_SR Watson,37.0
1216525_V Kohli,36.0
1216525_Washington Sundar,20.0
1216525_YS Chahal,35.0
1216526_AD Russell,21.0
1216526_AS Yadav,62.0
1216526_CJ Green,-0.0
1216526_CV Varun,-0.0
1216526_EJG Morgan,19.0
1216526_HH Pandya,73.0
1216526_JJ Bumrah,26.0
1216526_KD Karthik,31.0
1216526_MEK Hussey,26.0
1216526_N Rana,37.0
1216526_NM Coulter-Nile,36.0
1216526_PJ Cummins,22.0
1216526_Prasidh Krishna,0.0
1216526_Q de Kock,42.0
1216526_RA Tripathi,35.0
1216526_RD Chahar,35.0
1216526_RG Sharma,62.0
1216526_Shivam Mavi,0.0
1216526_Shubman Gill,0.0
1216526_TA Boult,28.0
1216527_AS Rajpoot,40.0
1216527_Cottrell,0.0
1216527_GJ Maxwell,43.0
1216527_J Archer,22.0
1216527_JC Buttler,63.0
1216527_JD Unadkat,16.0
1216527_JDS Neesham,16.0
1216527_KL Rahul,96.0
1216527_M Ashwin,33.0
1216527_MA Agarwal,15.0
1216527_Mohammed Shami,26.0
1216527_N Pooran,30.0
1216527_R Parag,34.0
1216527_R Tewatia,18.0
1216527_RV Uthappa,37.0
1216527_Ravi Bishnoi,1.0
1216527_S Gopal,31.0
1216527_SPD Smith,36.0
1216527_SV Samson,35.0
1216527_T Curran,34.0
1216528_AT Rayudu,96.0
1216528_DA Warner,72.0
1216528_DJ Bravo,44.0
1216528_DL Chahar,24.0
1216528_J Bairstow,15.0
1216528_K Ahmed,16.0
1216528_KS Williamson,48.0
1216528_KV Sharma,21.0
1216528_MK Pandey,53.0
1216528_MS Dhoni,47.0
1216528_PP Chawla,21.0
1216528_Priyam Garg,4.0
1216528_RA Jadeja,9.0
1216528_Rashid Khan,19.0
1216528_S Curran,41.0
1216528_S Nadeem,21.0
1216528_SN Thakur,45.0
1216528_SR Watson,96.0
1216528_Sandeep Sharma,33.0
1216528_T Natarajan,15.0
1216528_V Shankar,26.0
1216529_AM Rahane,18.0
1216529_AR Patel,49.0
1216529_AS Yadav,31.0
1216529_Anrich Nortje,-0.0
1216529_Carey,0.0
1216529_HH Pandya,55.0
1216529_HV Patel,12.0
1216529_Ishan Kishan,34.0
1216529_JJ Bumrah,39.0
1216529_JL Pattinson,0.0
1216529_K Rabada,59.0
1216529_KA Pollard,17.0
1216529_KH Pandya,58.0
1216529_MP Stoinis,28.0
1216529_P Shaw,19.0
1216529_Q de Kock,39.0
1216529_R Ashwin,22.0
1216529_RD Chahar,50.0
1216529_RG Sharma,28.0
1216529_S Dhawan,16.0
1216529_SS Iyer,18.0
1216529_TA Boult,40.0
1216530_AD Russell,55.0
1216530_BA Stokes,22.0
1216530_CV Varun,0.0
1216530_EJG Morgan,27.0
1216530_J Archer,44.0
1216530_JC Buttler,78.0
1216530_KL Nagarkoti,0.0
1216530_Kartik Tyagi,0.0
1216530_PJ Cummins,40.0
1216530_R Parag,55.0
1216530_R Tewatia,29.0
1216530_RA Tripathi,40.0
1216530_RV Uthappa,27.0
1216530_S Gopal,32.0
1216530_SP Narine,37.0
1216530_SPD Smith,26.0
1216530_SV Samson,46.0
1216530_Shivam Mavi,0.0
1216530_Shubman Gill,0.0
1216530_VR Aaron,45.0
1216531_AB de Villiers,44.0
1216531_AJ Finch,45.0
1216531_Arshdeep Singh,-0.0
1216531_CH Gayle,90.0
1216531_CH Morris,34.0
1216531_CJ Jordan,6.0
1216531_D Padikkal,-0.0
1216531_GJ Maxwell,23.0
1216531_I Udana,-0.0
1216531_KL Rahul,36.0
1216531_M Ashwin,36.0
1216531_MA Agarwal,25.0
1216531_Mohammed Shami,27.0
1216531_Mohammed Siraj,35.0
1216531_N Pooran,49.0
1216531_N Saini,53.0
1216531_Ravi Bishnoi,-0.0
1216531_S Dube,8.0
1216531_V Kohli,39.0
1216531_Washington Sundar,3.0
1216531_YS Chahal,25.0
1216532_A Mishra,10.0
1216532_AR Patel,34.0
1216532_Abdul Samad,1.0
1216532_Abhishek Sharma,1.0
1216532_Ankit Sharma,23.0
1216532_Anrich Nortje,1.0
1216532_DA Warner,59.0
1216532_J Bairstow,58.0
1216532_K Ahmed,58.0
1216532_K Rabada,64.0
1216532_KS Williamson,16.0
1216532_MK Pandey,16.0
1216532_MP Stoinis,22.0
1216532_P Kumar,18.0
1216532_P Shaw,10.0
1216532_RR Pant,36.0
1216532_Rashid Khan,25.0
1216532_S Dhawan,24.0
1216532_S Hetmyer,8.0
1216532_SS Iyer,48.0
1216532_T Natarajan,5.0
1216533_AS Rajpoot,18.0
1216533_AT Rayudu,12.0
1216533_BA Stokes,51.0
1216533_DL Chahar,26.0
1216533_F du Plessis,15.0
1216533_Hazlewood,0.0
1216533_J Archer,41.0
1216533_JC Buttler,59.0
1216533_KM Jadhav,10.0
1216533_Kartik Tyagi,-0.0
1216533_MS Dhoni,31.0
1216533_PP Chawla,22.0
1216533_R Tewatia,22.0
1216533_RA Jadeja,28.0
1216533_RV Uthappa,27.0
1216533_S Curran,22.0
1216533_S Gopal,38.0
1216533_SN Thakur,33.0
1216533_SPD Smith,15.0
1216533_SR Watson,47.0
1216533_SV Samson,18.0
1216534_AB de Villiers,26.0
1216534_AJ Finch,23.0
1216534_Abhishek Sharma,4.0
1216534_D Padikkal,4.0
1216534_DA Warner,83.0
1216534_DW Steyn,1.0
1216534_J Bairstow,122.0
1216534_MK Pandey,11.0
1216534_MR Marsh,43.0
1216534_N Saini,39.0
1216534_P Kumar,24.0
1216534_Philippe,5.0
1216534_Priyam Garg,5.0
1216534_Rashid Khan,27.0
1216534_S Dube,13.0
1216534_Sandeep Sharma,26.0
1216534_T Natarajan,16.0
1216534_UT Yadav,20.0
1216534_V Kohli,31.0
1216534_V Shankar,30.0
1216534_Washington Sundar,53.0
1216534_YS Chahal,18.0
1216535_Anrich Nortje,0.0
1216535_HV Patel,37.0
1216535_Ishan Kishan,26.0
1216535_JJ Bumrah,18.0
1216535_K Rabada,41.0
1216535_KH Pandya,36.0
1216535_MJ Guptill,37.0
1216535_MP Stoinis,32.0
1216535_NM Coulter-Nile,38.0
1216535_P Shaw,21.0
1216535_Praveen Dubey,0.0
1216535_Q de Kock,34.0
1216535_R Ashwin,20.0
1216535_RD Chahar,27.0
1216535_RR Pant,93.0
1216535_S Dhawan,23.0
1216535_S Hetmyer,9.0
1216535_SA Yadav,18.0
1216535_SS Iyer,33.0
1216535_TA Boult,25.0
1216536_AT Rayudu,23.0
1216536_CV Varun,-0.0
1216536_DL Chahar,21.0
1216536_EJG Morgan,23.0
1216536_KD Karthik,45.0
1216536_KL Nagarkoti,0.0
1216536_KV Sharma,29.0
1216536_L Ferguson,12.0
1216536_L Ngidi,26.0
1216536_M Santner,15.0
1216536_MS Dhoni,31.0
1216536_N Rana,24.0
1216536_PJ Cummins,18.0
1216536_R Singh,18.0
1216536_RA Jadeja,28.0
1216536_RA Tripathi,15.0
1216536_RD Gaikwad,0.0
1216536_S Curran,41.0
1216536_SP Narine,34.0
1216536_SR Watson,31.0
1216536_Shubman Gill,0.0
1216537_Arshdeep Singh,0.0
1216537_BA Stokes,41.0
1216537_CH Gayle,78.0
1216537_CJ Jordan,16.0
1216537_DJ Hooda,22.0
1216537_GJ Maxwell,22.0
1216537_J Archer,43.0
1216537_JC Buttler,91.0
1216537_KL Rahul,16.0
1216537_Kartik Tyagi,0.0
1216537_M Ashwin,21.0
1216537_Mohammed Shami,40.0
1216537_N Pooran,12.0
1216537_R Tewatia,31.0
1216537_RV Uthappa,33.0
1216537_Ravi Bishnoi,0.0
1216537_S Gopal,15.0
1216537_SPD Smith,32.0
1216537_SV Samson,41.0
1216537_VR Aaron,25.0
1216538_AS Yadav,23.0
1216538_Abdul Samad,0.0
1216538_Abhishek Sharma,0.0
1216538_DA Warner,11.0
1216538_HH Pandya,32.0
1216538_Ishan Kishan,21.0
1216538_J Bairstow,27.0
1216538_JJ Bumrah,32.0
1216538_JL Pattinson,1.0
1216538_KA Pollard,28.0
1216538_KH Pandya,26.0
1216538_KS Williamson,16.0
1216538_MK Pandey,47.0
1216538_Priyam Garg,1.0
1216538_Q de Kock,40.0
1216538_RD Chahar,48.0
1216538_RG Sharma,34.0
1216538_Rashid Khan,25.0
1216538_S Kaul,56.0
1216538_Sandeep Sharma,41.0
1216538_T Natarajan,4.0
1216538_TA Boult,9.0
1216539_A Mishra,10.0
1216539_AR Patel,33.0
1216539_Anrich Nortje,0.0
1216539_Avesh Khan,11.0
1216539_DL Chahar,26.0
1216539_F du Plessis,49.0
1216539_Hazlewood,0.0
1216539_K Rabada,31.0
1216539_KM Jadhav,18.0
1216539_M Vijay,15.0
1216539_MP Stoinis,17.0
1216539_MS Dhoni,33.0
1216539_P Shaw,15.0
1216539_PP Chawla,21.0
1216539_RA Jadeja,16.0
1216539_RD Gaikwad,0.0
1216539_RR Pant,26.0
1216539_S Curran,42.0
1216539_S Dhawan,33.0
1216539_SR Watson,8.0
1216539_SS Iyer,45.0
1216540_AB de Villiers,40.0
1216540_AD Russell,75.0
1216540_AJ Finch,35.0
1216540_CH Morris,66.0
1216540_CV Varun,-0.0
1216540_D Padikkal,-0.0
1216540_EJG Morgan,19.0
1216540_I Udana,0.0
1216540_KD Karthik,23.0
1216540_KL Nagarkoti,0.0
1216540_Mohammed Siraj,39.0
1216540_N Rana,60.0
1216540_N Saini,38.0
1216540_PJ Cummins,25.0
1216540_Prasidh Krishna,-0.0
1216540_Prasidh Krishna ,-0.0
1216540_RA Tripathi,26.0
1216540_Shubman Gill,-0.0
1216540_T Banton,-0.0
1216540_V Kohli,59.0
1216540_Washington Sundar,8.0
1216540_YS Chahal,17.0
1216541_AS Rajpoot,45.0
1216541_AS Yadav,37.0
1216541_BA Stokes,52.0
1216541_HH Pandya,23.0
1216541_Ishan Kishan,13.0
1216541_J Archer,19.0
1216541_JJ Bumrah,22.0
1216541_JL Pattinson,1.0
1216541_KA Pollard,38.0
1216541_KH Pandya,31.0
1216541_Kartik Tyagi,1.0
1216541_Q de Kock,19.0
1216541_R Tewatia,17.0
1216541_RD Chahar,16.0
1216541_RV Uthappa,36.0
1216541_S Gopal,29.0
1216541_SPD Smith,34.0
1216541_SS Tiwary,37.0
1216541_SV Samson,53.0
1216541_TA Boult,27.0
1216542_Abdul Samad,3.0
1216542_Abhishek Sharma,3.0
1216542_Arshdeep Singh,3.0
1216542_Arshdeep Singh ,3.0
1216542_Cottrell,3.0
1216542_DA Warner,94.0
1216542_GJ Maxwell,42.0
1216542_J Bairstow,66.0
1216542_K Ahmed,53.0
1216542_KL Rahul,64.0
1216542_KS Williamson,45.0
1216542_M Ur Rahman ,2.0
1216542_MA Agarwal,41.0
1216542_MK Pandey,35.0
1216542_Mandeep Singh,11.0
1216542_Mohammed Shami,34.0
1216542_Mujeeb Ur Rahman,2.0
1216542_N Pooran,29.0
1216542_Priyam Garg,4.0
1216542_Rashid Khan,53.0
1216542_Ravi Bishnoi,4.0
1216542_Sandeep Sharma,42.0
1216542_Simran Singh,6.0
1216542_T Natarajan,17.0
1216543_AM Rahane,51.0
1216543_Anrich Nortje,0.0
1216543_BA Stokes,44.0
1216543_Carey,1.0
1216543_Deshpande,1.0
1216543_HV Patel,24.0
1216543_J Archer,33.0
1216543_JC Buttler,69.0
1216543_JD Unadkat,19.0
1216543_K Rabada,50.0
1216543_Kartik Tyagi,1.0
1216543_MP Stoinis,27.0
1216543_P Shaw,25.0
1216543_R Ashwin,28.0
1216543_R Parag,40.0
1216543_R Tewatia,26.0
1216543_RV Uthappa,33.0
1216543_S Dhawan,43.0
1216543_S Gopal,29.0
1216543_SPD Smith,36.0
1216543_SS Iyer,54.0
1216543_SV Samson,23.0
1216544_AB de Villiers,21.0
1216544_AJ Finch,50.0
1216544_AT Rayudu,37.0
1216544_CH Morris,41.0
1216544_D Padikkal,0.0
1216544_DL Chahar,19.0
1216544_F du Plessis,46.0
1216544_Gurkeerat Singh,22.0
1216544_Imran Tahir,54.0
1216544_M Ali,35.0
1216544_M Santner,34.0
1216544_MS Dhoni,36.0
1216544_Mohammed Siraj,12.0
1216544_Monu ,-0.0
1216544_N Saini,26.0
1216544_RA Jadeja,35.0
1216544_RD Gaikwad,-0.0
1216544_S Curran,50.0
1216544_V Kohli,41.0
1216544_Washington Sundar,16.0
1216544_YS Chahal,17.0
1216545_AD Russell,22.0
1216545_Abhishek Sharma,1.0
1216545_CV Varun,1.0
1216545_DA Warner,49.0
1216545_EJG Morgan,26.0
1216545_J Bairstow,33.0
1216545_K Ahmed,61.0
1216545_KD Karthik,23.0
1216545_KL Nagarkoti,1.0
1216545_Kuldeep Yadav,32.0
1216545_MK Pandey,34.0
1216545_Mohammad Nabi,34.0
1216545_N Rana,22.0
1216545_P Kumar,16.0
1216545_PJ Cummins,32.0
1216545_Rashid Khan,17.0
1216545_SP Narine,41.0
1216545_Shivam Mavi,0.0
1216545_Shubman Gill,0.0
1216545_T Natarajan,4.0
1216545_WP Saha,28.0
1216546_Arshdeep Singh,-0.0
1216546_CH Gayle,71.0
1216546_DJ Hooda,27.0
1216546_Deshpande,0.0
1216546_GJ Maxwell,41.0
1216546_HV Patel,9.0
1216546_JDS Neesham,12.0
1216546_K Rabada,50.0
1216546_KL Rahul,39.0
1216546_M Ashwin,6.0
1216546_MA Agarwal,17.0
1216546_MP Stoinis,25.0
1216546_Mohammed Shami,25.0
1216546_N Pooran,33.0
1216546_P Shaw,10.0
1216546_R Ashwin,20.0
1216546_RR Pant,31.0
1216546_Ravi Bishnoi,0.0
1216546_S Dhawan,34.0
1216546_S Hetmyer,9.0
1216546_SS Iyer,52.0
1216546_SV Samson,40.0
1216547_A Zampa,38.0
1216547_AB de Villiers,47.0
1216547_AJ Finch,17.0
1216547_AS Yadav,27.0
1216547_D Padikkal,-0.0
1216547_HH Pandya,47.0
1216547_I Udana,-0.0
1216547_Ishan Kishan,14.0
1216547_JJ Bumrah,39.0
1216547_JL Pattinson,0.0
1216547_KA Pollard,48.0
1216547_MK Pandey,27.0
1216547_N Saini,11.0
1216547_Q de Kock,30.0
1216547_RD Chahar,13.0
1216547_RG Sharma,30.0
1216547_S Dube,7.0
1216547_SD Lad,19.0
1216547_TA Boult,19.0
1216547_V Kohli,28.0
1216547_Washington Sundar,6.0
1216547_YS Chahal,19.0
1216547_nan,-0.0
1237177_AM Rahane,35.0
1237177_Anrich Nortje,0.0
1237177_HH Pandya,25.0
1237177_HV Patel,37.0
1237177_Ishan Kishan,26.0
1237177_JJ Bumrah,18.0
1237177_K Rabada,41.0
1237177_KA Pollard,39.0
1237177_KH Pandya,36.0
1237177_MP Stoinis,32.0
1237177_NM Coulter-Nile,38.0
1237177_P Shaw,21.0
1237177_Q de Kock,34.0
1237177_R Ashwin,20.0
1237177_RD Chahar,27.0
1237177_RG Sharma,44.0
1237177_RR Pant,93.0
1237177_S Dhawan,23.0
1237177_SA Yadav,18.0
1237177_SS Iyer,33.0
1237177_SS Tiwary,6.0
1237177_SV Samson,57.0
1237177_TA Boult,25.0
1237178_A Zampa,49.0
1237178_AB de Villiers,46.0
1237178_AJ Finch,19.0
1237178_D Padikkal,0.0
1237178_DA Warner,82.0
1237178_JO Holder,10.0
1237178_KS Williamson,55.0
1237178_M Ali,104.0
1237178_MK Pandey,67.0
1237178_Mohammed Siraj,23.0
1237178_N Saini,21.0
1237178_Priyam Garg,0.0
1237178_Rashid Khan,63.0
1237178_S Dube,8.0
1237178_S Nadeem,17.0
1237178_SP Goswami,12.0
1237178_Sandeep Sharma,33.0
1237178_T Natarajan,4.0
1237178_V Kohli,55.0
1237178_Washington Sundar,5.0
1237178_YS Chahal,43.0
1237180_Abdul Samad,1.0
1237180_Anrich Nortje,1.0
1237180_DA Warner,59.0
1237180_HV Patel,27.0
1237180_JO Holder,7.0
1237180_K Rabada,64.0
1237180_KS Williamson,16.0
1237180_MK Pandey,16.0
1237180_MP Stoinis,22.0
1237180_Praveen Dubey,1.0
1237180_Priyam Garg,1.0
1237180_R Ashwin,22.0
1237180_RR Pant,36.0
1237180_Rashid Khan,25.0
1237180_S Dhawan,24.0
1237180_S Hetmyer,8.0
1237180_S Nadeem,20.0
1237180_SP Goswami,14.0
1237180_SS Iyer,48.0
1237180_Sandeep Sharma,18.0
1237180_T Natarajan,5.0
1237181_AJ Finch,9.0
1237181_AM Rahane,35.0
1237181_Anrich Nortje,0.0
1237181_HH Pandya,25.0
1237181_HV Patel,37.0
1237181_Ishan Kishan,26.0
1237181_JJ Bumrah,18.0
1237181_K Rabada,41.0
1237181_KA Pollard,39.0
1237181_KH Pandya,36.0
1237181_MP Stoinis,32.0
1237181_NM Coulter-Nile,38.0
1237181_Praveen Dubey,0.0
1237181_Q de Kock,34.0
1237181_R Ashwin,20.0
1237181_RG Sharma,44.0
1237181_RR Pant,93.0
1237181_S Dhawan,23.0
1237181_S Hetmyer,9.0
1237181_SA Yadav,18.0
1237181_SS Iyer,33.0
1237181_SS Tiwary,6.0
1237181_TA Boult,25.0
